Decade,CO2_Emissions
1970-1979,180451.49968555188
1980-1989,206709.954550526
1990-1999,236825.39236625916
2000-2009,293954.5574737238
2010-2021,399221.87927458173
