Year,Total_CO2_Emissions
2010,617.950641507
2021,348.0577924555
