Year,Total_CO2_Emissions
2010,1647.9801168099998
2021,1238.1301258980002
