Top10_Avg_CO2_2021,Non_Top10_Avg_CO2_2021
1108.6331391075,45.42749670466579
