Top10_Avg_CO2_2021,Non_Top10_Avg_CO2_2021
2892.9313320750002,82.4390399053818
